0,1,2
0.049999999999999996,0.04997916927070466,-0.0012497396063399383
0.09999999999999998,0.09983341664672701,-0.004995834727623669
0.14999999999999997,0.1494381324729367,-0.011228922073930066
0.19999999999999996,0.19866933079340562,-0.019933422173000807
0.24999999999999994,0.24740395925144704,-0.03108757830778261
0.29999999999999993,0.29552020665642265,-0.04466351089688925
0.3499999999999999,0.3428978074482814,-0.06062728717903565
0.3999999999999999,0.3894183422988263,-0.07893900602726932
0.4499999999999999,0.4349655340983634,-0.0995528976810077
0.4999999999999999,0.47942553858792003,-0.1224174381466032
0.5499999999999998,0.5226872289106033,-0.14747547798049426
0.5999999999999999,0.5646424733708684,-0.1746643851330514
0.6499999999999999,0.6051864057074439,-0.20391620149608317
0.7,0.6442176872043712,-0.2351578127627148
0.75,0.6816387599850187,-0.2683111311750783
0.8,0.7173560908559655,-0.30329329070303984
0.8500000000000001,0.7512804050912745,-0.3400168541661192
0.9000000000000001,0.7833269095728133,-0.3783900317809048
0.9500000000000002,0.8134155047288903,-0.418316910587709
1.0,0.8414709847414691,-0.45969769418301665
1.05,0.8674232255215465,-0.5024289521585216
1.1,0.8912073599828556,-0.546403878623281
1.1500000000000001,0.9127639401757991,-0.5915125591628201
1.2000000000000002,0.9320390858763632,-0.6376422455679256
1.2500000000000002,0.9489846192586175,-0.6846776376464511
1.3000000000000003,0.9635581853141895,-0.7325011714137498
1.3500000000000003,0.9757233577177267,-0.7809933129414104
1.4000000000000004,0.9854497298737401,-0.8300328571298257
1.4500000000000004,0.9927129909172574,-0.8794972306578195
1.5000000000000004,0.997494986478324,-0.9292627983521147
1.5500000000000005,0.9997837640584738,-0.9792051722108782
1.6000000000000005,0.9995736029057503,-1.0291995223089458
1.6500000000000006,0.996865028313607,-1.079120888807625
1.7000000000000006,0.9916648103079477,-1.1288444942892129
1.7500000000000007,0.983985946725587,-1.1782460556355596
1.8000000000000007,0.9738476307264278,-1.2272020946711364
1.8500000000000008,0.9612752028205563,-1.275590246794169
1.9000000000000008,0.946300087530165,-1.3232895668244162
1.9500000000000008,0.9289597148446117,-1.3701808313031325
2.0000000000000004,0.9092974266649397,-1.4161468364896255
2.0500000000000003,0.8873623684716971,-1.4610726913095684
2.1,0.8632093664868298,-1.504846104522852
2.15,0.8368987906366794,-1.547357665393205
2.1999999999999997,0.8084964036586076,-1.5885011171580543
2.2499999999999996,0.7780731967284015,-1.6281736226150938
2.2999999999999994,0.7457052120193047,-1.6662760211617342
2.349999999999999,0.7114733526361874,-1.702713076644967
2.399999999999999,0.6754631803999164,-1.7373937154021493
2.449999999999999,0.6377647019873637,-1.7702312538977298
2.4999999999999987,0.5984721439615882,-1.8011436153869442
2.5499999999999985,0.5576837172545005,-1.8300535350649318
2.5999999999999983,0.5155013716906804,-1.8568887531885097
2.649999999999998,0.4720305411659098,-1.8815821956878973
2.699999999999998,0.42737988011734196,-1.9040721418169604
2.749999999999998,0.3816609919439949,-1.9243023784229323
2.7999999999999976,0.3349881500563757,-1.9422223404500207
2.8499999999999974,0.2874780122524669,-1.9577872373257132
2.8999999999999972,0.23924932913398517,-1.970958164913882
2.949999999999997,0.19042264729172165,-1.9817022027548639
2.999999999999997,0.1411200080018441,-1.9899924963494635
3.0499999999999967,0.09146464218626442,-1.995808324281217
3.0999999999999965,0.04158066239951131,-1.999135150009141
3.1499999999999964,-0.008407247388019505,-1.9999646582015143
3.199999999999996,-0.05837414343505714,-1.998294775519877
3.249999999999996,-0.10819513452373929,-1.9941296758012972
3.299999999999996,-0.1577456941226148,-1.9874797696259507
3.3499999999999956,-0.20690197163812007,-1.9783616782960936
3.3999999999999955,-0.25554110197656293,-1.9667981922914617
3.4499999999999953,-0.3035415126428699,-1.952818214304941
3.499999999999995,-0.35078322760851005,-1.9364566870008875
3.549999999999995,-0.3971481671890842,-1.9177545056766634
3.5999999999999948,-0.44252044318204103,-1.8967584160456925
3.6499999999999946,-0.48678664852683007,-1.8735208973975206
3.6999999999999944,-0.5298361407634918,-1.848100031426922
3.7499999999999942,-0.5715613185811863,-1.8205593570599121
3.799999999999994,-0.6118578907654321,-1.7909677116395213
3.849999999999994,-0.650625136871829,-1.7593990588682882
3.8999999999999937,-0.6877661589747147,-1.7259323039375223
3.9499999999999935,-0.7231881238615155,-1.6906510963054187
3.9999999999999933,-0.7568024950674312,-1.6536436206169767
4.049999999999993,-0.7885252541704877,-1.6150023762883123
4.0999999999999925,-0.8182771107938365,-1.5748239463062916
4.149999999999992,-0.8459837007904029,-1.533208755821362
4.199999999999992,-0.8715757721145256,-1.4902608211369772
4.249999999999992,-0.8949893579160051,-1.4460874897230087
4.299999999999992,-0.9161659364239156,-1.4007991719029769
4.349999999999992,-0.9350525772205551,-1.3545090648857427
4.3999999999999915,-0.9516020735399237,-1.3073328698314377
4.449999999999991,-0.9657730602600537,-1.2593885026588187
4.499999999999991,-0.9775301172942724,-1.2107957993168819
4.549999999999991,-0.9868438581229717,-1.161676216257398
4.599999999999991,-0.9936910032446032,-1.1121525268570371
4.649999999999991,-0.9980544383623083,-1.0623485145478664
4.69999999999999,-0.9999232571607471,-1.0123886634232342
4.74999999999999,-0.9992927885662072,-0.9623978470923672
4.79999999999999,-0.9961646084218548,-0.9125010165613803
4.84999999999999,-0.9905465355489479,-0.8628228879208345
4.89999999999999,-0.9824526122038545,-0.8134876306204613
4.9499999999999895,-0.9719030689797252,-0.7646185571102047
4.999999999999989,-0.958924274240546,-0.7163378146233159
5.049999999999989,-0.9435486682139607,-0.668766079871884
5.099999999999989,-0.9258146819075959,-0.622022257417902
5.149999999999989,-0.9057666410515569,-0.5762231824737867
5.199999999999989,-0.8834546553071866,-0.5314833288751943
5.2499999999999885,-0.8589344930190085,-0.4879145229560481
5.299999999999988,-0.8322674418229091,-0.44562566404094134
5.349999999999988,-0.8035201554589663,-0.40472245225353987
5.399999999999988,-0.7727644871718111,-0.3653071243213204
5.449999999999988,-0.7400773101149375,-0.3274781980369956
5.499999999999988,-0.7055403252078524,-0.2913302260153397
5.549999999999987,-0.6692398569263263,-0.2569535593608932
5.599999999999987,-0.6312666375361609,-0.22443412183725597
5.649999999999987,-0.5917155803097767,-0.19385319510242618
5.699999999999987,-0.550685542292462,-0.16528721554698617
5.749999999999987,-0.5082790772112432,-0.13880758324293327
5.7999999999999865,-0.46460217914397633,-0.11448048348068435
5.849999999999986,-0.4197640175893529,-0.0923667213403184
5.899999999999986,-0.3738766646000075,-0.07252156971054304
5.949999999999986,-0.32705481466075237,-0.054994631135258425
5.999999999999986,-0.2794154980120969,-0.03982971383303001
6.049999999999986,-0.23107778813559454,-0.02706472219935705
6.099999999999985,-0.18216250413215124,-0.016731562065424175
6.149999999999985,-0.1327919087371944,-0.00885606095013966
6.199999999999985,-0.08308940272750762,-0.0034579035047889563
6.249999999999985,-0.03317921648355455,-0.0005505823116580886
6.299999999999985,0.016813900521774332,-0.0001413641596047908
6.3499999999999845,0.06676499153187572,-0.00223127188087089
6.399999999999984,0.11654920483324871,-0.006815081794534432
6.449999999999984,0.1660421058197571,-0.013881336762991608
6.499999999999984,0.21511998801434037,-0.023412374828834046
6.549999999999984,0.26366018227078136,-0.03538437336054423
6.599999999999984,0.3115413633826868,-0.04976740859666774
6.6499999999999835,0.35864385333331844,-0.06652553043963297
6.699999999999983,0.4048499204283078,-0.08561685231227265
6.749999999999983,0.4500440735635785,-0.10699365585245271
6.799999999999983,0.4941133508929599,-0.13060251018412644
6.849999999999983,0.536947602173973,-0.15638440546669835
6.899999999999983,0.5784397640860718,-0.18427490038889402
6.949999999999982,0.6184861278331867,-0.21420428323847795
6.999999999999982,0.6569865983617045,-0.24609774614522903
7.049999999999982,0.6938449445459737,-0.2798755720616569
7.099999999999982,0.7289690397160025,-0.315453334014105
7.149999999999982,0.7622710919261549,-0.352742106126216
7.1999999999999815,0.7936678633892942,-0.39164868588731083
7.249999999999981,0.8230808785279006,-0.4320758271101268
7.299999999999981,0.850436620122146,-0.4739224829956408
7.349999999999981,0.875666713064657,-0.5170840586974428
7.399999999999981,0.8987080952626733,-0.5614526727543798
7.449999999999981,0.919503175260438,-0.6069174267380254
7.4999999999999805,0.937999976187844,-0.6533646824409959
7.54999999999998,0.9541522656755399,-0.7006783459132874
7.59999999999998,0.9679196714117759,-0.74874015763669
7.64999999999998,0.9792677820521583,-0.7974299881119951
7.69999999999998,0.9881682332300883,-0.8466261381201813
7.74999999999998,0.9945987784529075,-0.896205642907082
7.799999999999979,0.9985433447065433,-0.9460445795312324
7.849999999999979,0.9999920726296734,-0.996018376606685
7.899999999999979,0.9989413411569944,-1.046002125666599
7.949999999999979,0.9953937765699994,-1.0958708933693566
7.999999999999979,0.9893582459326415,-1.1455000337668526
8.049999999999978,0.9808498349282924,-1.1947654998544508
8.099999999999978,0.9698898101533894,-1.2435441536238938
8.149999999999979,0.956505565962021,-1.2917140738441917
8.19999999999998,0.9407305559943072,-1.3391548608012072
8.24999999999998,0.9226042095597221,-1.3857479372342372
8.299999999999981,0.9021718330843543,-1.4313768447174102
8.349999999999982,0.8794844968684368,-1.4759275347451013
8.399999999999983,0.8545989074371929,-1.5192886537938
8.449999999999983,0.8275772658040563,-1.561351821647928
8.499999999999984,0.79848711200053,-1.6020119022939348
8.549999999999985,0.7674011562612822,-1.6411672667055768
8.599999999999985,0.7343970972864264,-1.6787200468635566
8.649999999999986,0.6995574280352356,-1.7145763803746017
8.699999999999987,0.6629692295367055,-1.748646645078566
8.749999999999988,0.624723953232333,-1.780845683057155
8.799999999999988,0.5849171923951397,-1.8110930134843723
8.849999999999989,0.5436484431962729,-1.8393130337866712
8.89999999999999,0.5010208560163942,-1.8654352086100152
8.94999999999999,0.45714097762344813,-1.8893942461215292
8.999999999999991,0.41211848486123004,-1.9111302612050778
9.049999999999992,0.36606591051439563,-1.9305889251428687
9.099999999999993,0.31909836203510505,-1.947721601408953
9.149999999999993,0.27133323383433927,-1.9624854672352101
9.199999999999994,0.22288991385701046,-1.9748436206459676
9.249999999999995,0.17388948517427577,-1.984765172693721
9.299999999999995,0.12445442333891818,-1.992225324665416
9.349999999999996,0.07470829026024864,-1.9972054300663165
9.399999999999997,0.024775425363682567,-1.9996930412265304
9.449999999999998,-0.025219365193069047,-1.9996819404137014
9.499999999999998,-0.07515112047039604,-1.9971721553741022
9.549999999999999,-0.1248950370840598,-1.9921699592632824
9.6,-0.17432678114865746,-1.9846878549664477
9.65,-0.22332279904758356,-1.9747445438477573
9.700000000000001,-0.2717606262527261,-1.962364879006653
9.750000000000002,-0.31951919342200863,-1.9475798031580542
9.800000000000002,-0.3664791290096934,-1.9304262712916849
9.850000000000003,-0.41252305763307867,-1.9109471583038453
9.900000000000004,-0.4575358934498271,-1.8891911518324997
9.950000000000005,-0.5014051278126362,-1.8652126305635377
10.000000000000005,-0.5440211104822635,-1.8390715283123789
10.050000000000006,-0.5852773236960194,-1.8108331842206478
10.100000000000007,-0.6250706484067005,-1.7805681794423474
10.150000000000007,-0.6633016220265046,-1.748352160727732
10.200000000000008,-0.6998746870317009,-1.7142656513458276
10.250000000000009,-0.7346984298066739,-1.6783938498181954
10.30000000000001,-0.7676858091303551,-1.6408264169669975
10.35000000000001,-0.7987543737339453,-1.6016572518096368
10.400000000000011,-0.8278264683861469,-1.5609842568601147
10.450000000000012,-0.8548294279908003,-1.5189090934237328
10.500000000000012,-0.8796957592117804,-1.4755369274967738
10.550000000000013,-0.9023633091711877,-1.4309761669062802
10.600000000000014,-0.9227754207991737,-1.385338190346944
10.650000000000015,-0.9408810744471099,-1.3387370689923754
10.700000000000015,-0.956635015410138,-1.2912892813765757
10.750000000000016,-0.9699978670403642,-1.2431134222582627
10.800000000000017,-0.9809362291679719,-1.1943299061957375
10.850000000000017,-0.9894227615842516,-1.1450606665731988
10.900000000000018,-0.9954362523778842,-1.0954288508307846
10.950000000000019,-0.9989616709536726,-1.0455585126601052
11.00000000000002,-0.999990205601201,-0.9955743019346208
11.05000000000002,-0.9985192855195227,-0.9456011531498737
11.100000000000021,-0.9945525872428234,-0.8957639731523142
11.150000000000022,-0.9881000254509997,-0.8461873289372346
11.200000000000022,-0.9791777281881239,-0.7969951362961546
11.250000000000023,-0.9678079965507321,-0.7483103500918761
11.300000000000024,-0.9540192489466975,-0.7002546569353602
11.350000000000025,-0.9378459500640106,-0.6529481710325727
11.400000000000025,-0.9193285247270079,-0.6065091339615241
11.450000000000026,-0.898513256855364,-0.5610536191299024
11.500000000000027,-0.8754521737783966,-0.516695241652005
11.550000000000027,-0.8502029161938381,-0.4735448743701218
11.600000000000028,-0.8228285940961105,-0.43171037073017143
11.650000000000029,-0.7933976290342059,-0.3912962952042551
11.70000000000003,-0.761983583093447,-0.3524036619339327
11.75000000000003,-0.7286649750285853,-0.31512968224747606
11.800000000000031,-0.6935250840078043,-0.2795675216821749
11.850000000000032,-0.6566517414581714,-0.24580606711901348
11.900000000000032,-0.618137111532811,-0.21392970461175928
11.950000000000033,-0.5780774607485203,-0.18401810846577632
12.000000000000034,-0.5365729173696114,-0.15614604209375518
12.050000000000034,-0.4937272211393971,-0.13038317114611744
12.100000000000035,-0.4496474639848583,-0.10679388938317082
12.150000000000036,-0.4044438223425994,-0.085437157724244
12.200000000000037,-0.3582292817751356,-0.06636635687609473
12.250000000000037,-0.31111935456582795,-0.049629153908942986
12.300000000000038,-0.263231790998333,-0.0352673831136201
12.350000000000039,-0.21468628504221643,-0.023316941437628545
12.40000000000004,-0.16560417518036477,-0.013807698761468042
12.45000000000004,-0.1161081411259699,-0.00676342323949025
12.50000000000004,-0.06632189718713646,-0.0022017218918911913
12.550000000000042,-0.016369883045540753,-0.00013399659633036047
12.600000000000042,0.03362304727796658,-0.0005654155891746062
12.650000000000043,0.08353193749338987,-0.003494900547598841
12.700000000000044,0.13323204136723754,-0.00891512928483158
12.750000000000044,0.18259913452313922,-0.016812554051808593
12.800000000000045,0.23150982493809186,-0.027167435399490094
12.850000000000046,0.27984186135825584,-0.0399538915172033
12.900000000000047,0.32747443886342253,-0.05513996292369015
12.950000000000047,0.37428850081640064,-0.07268769234916637
13.000000000000048,0.42016703644260567,-0.09255321960872818
13.050000000000049,0.4649953732960585,-0.11468689122997269
13.10000000000005,0.5086614638807799,-0.13903338456081993
13.15000000000005,0.5510561657111774,-0.16553184604733157
13.20000000000005,0.5920735141114188,-0.194116043335904
13.250000000000052,0.6316109870719364,-0.22471453081965914
13.300000000000052,0.6695697615010585,-0.2572508282152536
13.350000000000053,0.7058549602312726,-0.29164361172375686
13.400000000000054,0.7403758891627329,-0.3278069172977961
13.450000000000054,0.7730462639512773,-0.36565035550690544
13.500000000000055,0.8037844256743519,-0.4050793374640282
13.550000000000056,0.8325135449357901,-0.4459953112484736
13.600000000000056,0.859161813899291,-0.4882960082343938
13.650000000000057,0.8836626257706134,-0.531875698709088
13.700000000000058,0.9059547412798731,-0.5766254561422215
13.750000000000059,0.9259824417478247,-0.6224334294454231
13.80000000000006,0.9436956683535423,-0.6691851225417559
13.85000000000006,0.9590501472554013,-0.7167636805462806
13.90000000000006,0.9720075002526248,-0.7650501818424116
13.950000000000061,0.9825353407107995,-0.8139239353240248
14.000000000000062,0.9906073545115938,-0.8632627820603687
14.050000000000063,0.9962033658243503,-0.9129434006297716
14.100000000000064,0.9993093875351549,-0.962841615358972
14.150000000000064,0.9999176562073367,-1.0128327066976313
14.200000000000065,0.9980266514860173,-1.0627917229522579
14.250000000000066,0.9936410998982053,-1.1125937926003668
14.300000000000066,0.9867719630389408,-1.1621144364042546
14.350000000000067,0.9774364101730163,-1.211229878544265
14.400000000000068,0.9656577753207564,-1.2598173559938783
14.450000000000069,0.9514654989351186,-1.3077554253633428
14.50000000000007,0.9348950543158937,-1.354924266444903
14.55000000000007,0.9159878589449301,-1.4012059817009181
14.60000000000007,0.8947911709639987,-1.446484890946306
14.650000000000071,0.8713579710540508,-1.4906478204887603
14.700000000000072,0.8457468300111065,-1.5335843860040428
14.750000000000073,0.8180217623497683,-1.5751872684393058
14.800000000000074,0.7882520663002724,-1.615352482254834
14.850000000000074,0.7565121505990032,-1.6539796353337388
14.900000000000075,0.7228813485054031,-1.690972179909968
14.950000000000076,0.6874437195101402,-1.7262376538874387
15.000000000000076,0.6502878392301588,-1.759687911947125
15.050000000000077,0.6115065780157662,-1.7912393458644502
15.100000000000078,0.5711968688231234,-1.8208130934863058
15.150000000000079,0.5294594649323353,-1.8483352358453635
15.20000000000008,0.48639868811672266,-1.8737369819189975
15.25000000000008,0.4421221678927181,-1.8969548405710148
15.30000000000008,0.39674057250212724,-1.9179307792464309
15.350000000000081,0.3503673322991594,-1.9366123690226336
15.400000000000082,0.30311835623361516,-1.9529529156543857
15.450000000000083,0.2551117421388761,-1.9669115762851197
15.500000000000083,0.20646748154882566,-1.978453461532809
15.550000000000084,0.15730715978150456,-1.987549722695253
15.600000000000085,0.1077536520391362,-1.9941776238568074
15.650000000000086,0.05793081628411326,-1.9983205987163337
15.700000000000086,0.007963183658595677,-1.9999682919943242
15.750000000000087,-0.0420243527784902,-1.9991165853157076
15.800000000000088,-0.0919068502190559,-1.9957676075036417
15.850000000000088,-0.14155962839780203,-1.9899297292585645
15.90000000000009,-0.19085858122794946,-1.981617542235802
15.95000000000009,-0.23968048700182287,-1.9708518225740297
16.00000000000009,-0.2879033163809474,-1.9576594789657449
16.05000000000009,-0.33540653740584325,-1.94207348539955
16.10000000000009,-0.38207141676315237,-1.9241327987423533
16.15000000000009,-0.42778131655708695,-1.9038822613674895
16.20000000000009,-0.4724219858434248,-1.8813724890721402
16.250000000000092,-0.5158818461973693,-1.8566597445642012
16.300000000000093,-0.5580522706015024,-1.8298057968348136
16.350000000000094,-0.5988278549567564,-1.8008777667680544
16.400000000000095,-0.6381066815377678,-1.7699479593736824
16.450000000000095,-0.6757905737341136,-1.7370936830622694
16.500000000000096,-0.7117853414407073,-1.702397056414435
16.550000000000097,-0.7460010164840087,-1.665944802927162
16.600000000000097,-0.7783520774956033,-1.6278280342502178
16.650000000000098,-0.8087576636710841,-1.588142022454481
16.7000000000001,-0.8371417768799518,-1.5469859619013804
16.7500000000001,-0.8634334716213613,-1.5044627213086503
16.8000000000001,-0.8875670323509264,-1.46067858663211
16.8500000000001,-0.9094821377353566,-1.415742995406126
16.9000000000001,-0.9291240114243758,-1.3697682632067714
16.950000000000102,-0.9464435589630708,-1.3228693029213767
17.000000000000103,-0.9613974905024603,-1.2751633375261586
17.050000000000104,-0.973948429001573,-1.2267696070898269
17.100000000000104,-0.9840650036505839,-1.1778090707355118
17.150000000000105,-0.9917219282815017,-1.128404104305951
17.200000000000106,-0.9969000645704194,-1.0786781944876145
17.250000000000107,-0.9995864698733571,-1.0287556301582987
17.300000000000107,-0.9997744295761319,-0.9787611917296615
17.350000000000108,-0.9974634738773961,-0.9288198392611758
17.40000000000011,-0.9926593789628957,-0.8790564001250603
17.45000000000011,-0.9853741525680143,-0.8295952570028569
17.50000000000011,-0.9756260039646883,-0.7805600369935043
17.55000000000011,-0.96343929844771,-0.7320733026099747
17.60000000000011,-0.9488444964341797,-0.6842562454368204
17.650000000000112,-0.9318780773283264,-0.6372283832143276
17.700000000000113,-0.9125824483419955,-0.5911072611064099
17.750000000000114,-0.8910058384987043,-0.5460081578989143
17.800000000000114,-0.8672021780862,-0.502043797862693
17.850000000000115,-0.8412309638588271,-0.4593240690016318
17.900000000000116,-0.8131571103266266,-0.417955748389869
17.950000000000117,-0.7830507875028677,-0.3780422352847185
18.000000000000117,-0.7509872455155583,-0.3396832926823758
18.050000000000118,-0.7170466265213146,-0.30297479796238325
18.10000000000012,-0.6813137643917067,-0.268008503244113
18.15000000000012,-0.6438779726727601,-0.23487180605425234
18.20000000000012,-0.6048328213476047,-0.2036475308785026
18.25000000000012,-0.5642759029602464,-0.1744137221434993
18.30000000000012,-0.5223085886850332,-0.14724344914639018
18.350000000000122,-0.4790357749515114,-0.12220462341964626
18.400000000000123,-0.4345656212579817,-0.09935982898759826
18.450000000000124,-0.38900927982908107,-0.07876616593896894
18.500000000000124,-0.34248061779310834,-0.06047510770638856
18.550000000000125,-0.2950959325735044,-0.04453237240962012
18.600000000000126,-0.24697366120585987,-0.03097780858406961
18.650000000000126,-0.19823408430700706,-0.019845295580200213
18.700000000000127,-0.14899902543611876,-0.011162658882800224
18.750000000000128,-0.09939154659925482,-0.004951600561762397
18.80000000000013,-0.04953564065843638,-0.001227645028211449
18.85000000000013,0.00044407858593494,-1.0023156127802156e-07
18.90000000000013,0.05042268786468044,-0.0012720343944889595
18.95000000000013,0.1002752666829585,-0.00504026834397601
19.00000000000013,0.14987720955644435,-0.011295383457585309
19.050000000000132,0.1991045374601476,-0.020021745205112122
19.100000000000133,0.24783420771140774,-0.03119754222676735
19.150000000000134,0.2959444215125213,-0.04479484085021794
19.200000000000134,0.3433149283843046,-0.060779654910220166
19.250000000000135,0.3898273267296664,-0.07911203069633319
19.300000000000136,0.43536535977593827,-0.09974614681638765
19.350000000000136,0.47981520615626094,-0.12263042872610289
19.400000000000137,0.5230657644037243,-0.14770767763858816
19.450000000000138,0.5650089306471744,-0.1749152134915214
19.50000000000014,0.6055398688145913,-0.20418503161466184
19.55000000000014,0.6445572726686724,-0.23544397270610964
19.60000000000014,0.6819636190196655,-0.26861390569245996
19.65000000000014,0.7176654114825548,-0.30361192301579665
19.70000000000014,0.7515734141693309,-0.3403505478594097
19.750000000000142,0.7836028747322379,-0.37873795279428
19.800000000000143,0.8136737362005045,-0.41867818929982914
19.850000000000144,0.8417108370810783,-0.46007142758525177
19.900000000000144,0.8676440992232145,-0.5028142061120024
19.950000000000145,0.8914087029773571,-0.5467996901937602
20.000000000000146,0.9129452492105052,-0.591917939027506
20.050000000000146,0.9321999077731113,-0.6380561804882744
20.100000000000147,0.9491245520464204,-0.6850990930007349
20.150000000000148,0.9636768792339533,-0.7329290937830726
20.20000000000015,0.9758205160964667,-0.7814266327427064
20.25000000000015,0.9855251098661088,-0.8304704912892603
20.30000000000015,0.9927664041125309,-0.8799380853179096
20.35000000000015,0.9975262993713314,-0.9297057716058027
20.40000000000015,0.9997928983832902,-0.9796491568557258
20.450000000000152,0.9995605358313208,-1.0296434086145636
20.500000000000153,0.9968297925008126,-1.0795635672894202
20.550000000000153,0.9916074938279701,-1.1292848584815238
20.600000000000154,0.9839066928397764,-1.1786830048572428
20.650000000000155,0.9737466375282241,-1.2276345367766963
20.700000000000156,0.9611527227403591,-1.2760171009035532
20.750000000000156,0.9461564267043884,-1.3237097660246526
20.800000000000157,0.9287952323505031,-1.3705933253150562
20.850000000000158,0.9091125336230736,-1.4165505942930294
20.90000000000016,0.8871575270183879,-1.4614667037202171
20.95000000000016,0.8629850886190314,-1.505229386714917
21.00000000000016,0.8366556369322599,-1.5477292593608154
21.05000000000016,0.8082349818751962,-1.5888600941098134
21.10000000000016,0.7777941602843108,-1.628519085295574
21.150000000000162,0.7454092583603258,-1.6666071060941476
21.200000000000163,0.711161221492338,-1.7030289562894085
21.250000000000163,0.6751356519365015,-1.7376936002240146
21.300000000000164,0.6374225948549683,-1.7705143943411414
21.350000000000165,0.5981163132498776,-1.8014093037482504
21.400000000000166,0.5573150523549409,-1.8303011072615973
21.450000000000166,0.5151207940735238,-1.8571175904189758
21.500000000000167,0.4716390020769982,-1.8817917259782642
21.550000000000168,0.4269783582004881,-1.9042618414506236
21.60000000000017,0.3812504907948823,-1.9244717732496013
21.65000000000017,0.3345696957140925,-1.942371007070848
21.70000000000017,0.28705265063494195,-1.957914804151571
21.75000000000017,0.2388181234237383,-1.9710643130941414
21.80000000000017,0.1899866752784609,-1.9817866669743551
21.850000000000172,0.1406803593885528,-1.9900550654916263
21.900000000000173,0.0910224158655113,-1.9958488419557812
21.950000000000173,0.04113696370679125,-1.9991535149430213
22.000000000000174,-0.008851309437048482,-1.9999608244919407
22.050000000000175,-0.058817458916535496,-1.998268752749127
22.100000000000176,-0.10863659537983755,-1.9940815290127452
22.150000000000176,-0.15818419693110108,-1.9874096191614938
22.200000000000177,-0.20733642037034106,-1.9782696994953592
22.250000000000178,-0.2559704107369446,-1.9666846150535504
22.30000000000018,-0.3039646083830909,-1.9526833225137978
22.35000000000018,-0.3511990528095639,-1.9363008178157401
22.40000000000018,-0.3975556825045259,-1.9175780486892997
22.45000000000018,-0.44291863003581183,-1.896561812306684
22.50000000000018,-0.4871745116591673,-1.8733046383138257
22.550000000000182,-0.5302127107185599,-1.8478646575336244
22.600000000000183,-0.5719256541302115,-1.8203054566691648
22.650000000000183,-0.6122090812592841,-1.7906959193700724
22.700000000000184,-0.6509623045171697,-1.7591100540592648
22.750000000000185,-0.6880884610280245,-1.7256268089504363
22.800000000000185,-0.7234947547355127,-1.6903298747186393
22.850000000000186,-0.7570926883446211,-1.6533074753171817
22.900000000000187,-0.7887982845188071,-1.6146521474636903
22.950000000000188,-0.8185322957796062,-1.5744605093465085
23.00000000000019,-0.8462204025840563,-1.5328330191295432
23.05000000000019,-0.8717933990848505,-1.4898737238591722
23.10000000000019,-0.8951873661089138,-1.4456899994008159
23.15000000000019,-0.9163438309220465,-1.4003922820551928
23.20000000000019,-0.9352099133803087,-1.3540937925250829
23.250000000000192,-0.9517384581028396,-1.306910252922534
23.300000000000193,-0.9658881523357526,-1.258959597523849
23.350000000000193,-0.977623629212504,-1.210361677995314
23.400000000000194,-0.9869155561526405,-1.1612379638264498
23.450000000000195,-0.9937407081779748,-1.111711238719549
23.500000000000195,-0.9980820259629352,-1.0619052936943632
23.550000000000196,-0.9999286584739951,-1.0119446176750249
23.600000000000197,-0.9992759900916063,-0.9619540863325677
23.650000000000198,-0.9961256521468431,-0.9120586499607841
23.7000000000002,-0.9904855188439249,-0.862383021165563
23.7500000000002,-0.982369687578806,-0.8130513631483245
23.8000000000002,-0.9717984437030277,-0.7641869793626792
23.8500000000002,-0.9587982098209036,-0.7159120053200093
23.9000000000002,-0.9434014797467694,-0.6683471033142973
23.950000000000202,-0.9256467372873695,-0.6216111608292303
24.000000000000203,-0.9055783600523822,-0.5758209933814068
24.050000000000203,-0.8832465085335068,-0.5310910525423811
24.100000000000204,-0.8587070007293572,-0.48753313986933994
24.150000000000205,-0.8320211726295349,-0.44525612745943455
24.200000000000205,-0.803255724906598,-0.4043656858262372
24.250000000000206,-0.7724825561991172,-0.36496401977848975
24.300000000000207,-0.7397785834025229,-0.3271496129613086
24.350000000000207,-0.7052255494169243,-0.2910169816983617
24.400000000000208,-0.6689098188324302,-0.25665643875028216
24.45000000000021,-0.6309221620626511,-0.22415386757980088
24.50000000000021,-0.5913575284659376,-0.19359050768781702
24.55000000000021,-0.5503148090214335,-0.16504275155695441
24.60000000000021,-0.5078965891531289,-0.13858195371013954
24.65000000000021,-0.4642088923197255,-0.11427425236145496
24.700000000000212,-0.4193609150112064,-0.09218040410504824
24.750000000000213,-0.3734647538144791,-0.07235563205528807
24.800000000000214,-0.32663512523028687,-0.05484948781773803
24.850000000000215,-0.2789890789417005,-0.03970572763594873
24.900000000000215,-0.23064570525086853,-0.02696220302363673
24.950000000000216,-0.18172583741528303,-0.01665076615561306
25.000000000000217,-0.13235174962756457,-0.008797190253934493
25.050000000000217,-0.08264685139365985,-0.003421105168270884
25.100000000000218,-0.03273537907334722,-0.0005359483115041056
25.15000000000022,0.017257914645961762,-0.00014893107319394102
25.20000000000022,0.06720807256597083,-0.0022610207948598705
25.25000000000022,0.1169902453054184,-0.006866938352131105
25.30000000000022,0.16648000335851038,-0.013955171349808252
25.35000000000022,0.215553648103883,-0.023508002896855833
25.400000000000222,0.26408852098673524,-0.03550155588940313
25.450000000000223,0.3119633101013366,-0.049905852691068994
25.500000000000224,0.35905835340761316,-0.06668489006144077
25.550000000000225,0.40525593782392916,-0.08579672914542526
25.600000000000225,0.45044059344848725,-0.10719360029854519
25.650000000000226,0.49449938217394734,-0.1308220224861725
25.700000000000227,0.537322179973878,-0.1566229369582626
25.750000000000227,0.5788019521554709,-0.18453185486547224
25.800000000000228,0.6188350208905304,-0.21447901844769793
25.85000000000023,0.6573213243560495,-0.24638957539214695
25.90000000000023,0.694164666836656,-0.28018376592513716
25.95000000000023,0.7292729591638036,-0.31577712216999304
26.00000000000023,0.7625584488907338,-0.35308067927274756
26.05000000000023,0.7939379396278919,-0.392001197767945
26.100000000000232,0.8233329989905738,-0.4324413966287466
26.150000000000233,0.8506701546390398,-0.47430019641883453
26.200000000000234,0.8758810779211017,-0.5174729719383617
26.250000000000234,0.8989027546581668,-0.5618518137324637
26.300000000000235,0.9196776426478684,-0.6073257978086977
26.350000000000236,0.9381538154896036,-0.6537812628892553
26.400000000000237,0.9542850923734923,-0.7011020945049641
26.450000000000237,0.9680311535083513,-0.7491700152209887
26.500000000000238,0.979357640900174,-0.7978648802688206
26.55000000000024,0.988236244229222,-0.847064977845629
26.60000000000024,0.9946447716110809,-0.8966473333303815
26.65000000000024,0.9985672050648138,-0.9464880166563533
26.70000000000024,0.9999937405495717,-0.9964624520717521
26.75000000000024,0.9989208124695895,-1.0464457295142195
26.800000000000242,0.9953511025863188,-1.096312916820936
26.850000000000243,0.9892935333154204,-1.1459393719939635
26.900000000000244,0.9807632454253721,-1.1952010547403282
26.950000000000244,0.9697815601934328,-1.2439748365081547
27.000000000000245,0.9563759261135525,-1.2921388082439207
27.050000000000246,0.9405798502894331,-1.3395725851016025
27.100000000000247,0.9224328146842189,-1.3861576073420945
27.150000000000247,0.90198017743615,-1.431777436670812
27.200000000000248,0.8792730594868398,-1.4763180472727884
27.25000000000025,0.854368216805543,-1.5196681108178283
27.30000000000025,0.8273278985287913,-1.561719274723355
27.35000000000025,0.7982196913699703,-1.6023664329794378
27.40000000000025,0.7671163506877344,-1.641507988859078
27.45000000000025,0.7340956186355007,-1.6790461088571171
27.500000000000252,0.6992400298465523,-1.7148869672230478
27.550000000000253,0.6626367051404387,-1.748940980476527
27.600000000000254,0.6243771337662983,-1.781123031319423
27.650000000000254,0.5845569447273822,-1.811352681384732
27.700000000000255,0.5432756677583487,-1.8395543722906043
27.750000000000256,0.5006364845527607,-1.8656576144969486
27.800000000000257,0.45674597086258756,-1.8895971634925723
27.850000000000257,0.41171383011432916,-1.9113131828724808
27.900000000000258,0.3656526192075817,-1.9307513938977268
27.95000000000026,0.31867746718140716,-1.9478632111639913
28.00000000000026,0.27090578745169397,-1.9626058640397905
28.05000000000026,0.22245698433876465,-1.9749425035707802
28.10000000000026,0.17345215461875976,-1.984842294582951
28.15000000000026,0.1240137848447635,-1.9922804927545046
28.200000000000262,0.07426544519421063,-1.9972385064637723
28.250000000000263,0.024331480607797072,-1.999703943258586
28.300000000000264,-0.025663300008114225,-1.9996706408309544
28.350000000000264,-0.07559393573876008,-1.9971386824196249
28.400000000000265,-0.12533562599818554,-1.992114396602029
28.450000000000266,-0.17476404246571384,-1.984610341476135
28.500000000000266,-0.22375563984199925,-1.9746452732717428
28.550000000000267,-0.27218796464793427,-1.962244099469678
28.600000000000268,-0.31993996129457475,-1.9474378165460604
28.65000000000027,-0.3668922746590678,-1.9302634324972574
28.70000000000027,-0.41292754841030005,-1.9107638743391655
28.75000000000027,-0.4579307183386072,-1.888987880812027
28.80000000000027,-0.5017892999563741,-1.864989880558962
28.85000000000027,-0.5443936696506728,-1.8388298560827059
28.900000000000272,-0.5856373386852041,-1.8105731938205916
28.950000000000273,-0.6254172193666799,-1.7802905207125077
29.000000000000274,-0.6636338827103697,-1.7480575276703318
29.050000000000274,-0.7001918069607802,-1.7139547803900688
29.100000000000275,-0.7349996163462977,-1.6780675179795685
29.150000000000276,-0.7679703094710293,-1.6404854399051492
29.200000000000276,-0.7990214767729833,-1.6013024817896444
29.250000000000277,-0.8280755065050559,-1.5606165806222676
29.300000000000278,-0.8550597787239795,-1.5185294299671437
29.35000000000028,-0.8799068468023615,-1.4751462257823593
29.40000000000028,-0.9025546060101266,-1.430575403484853
29.45000000000028,-0.9229464487439989,-1.3849283669183443
29.50000000000028,-0.941031406017029,-1.338319209901743
29.55000000000028,-0.9567642748545175,-1.2908644310540203
29.600000000000282,-0.9701057312779104,-1.242682642608333
29.650000000000283,-0.9810224285942658,-1.1938942739432128
29.700000000000284,-0.9894870807456194,-1.1446212705718375
29.750000000000284,-0.9954785305099195,-1.094986789341757
29.800000000000285,-0.9989818023830634,-1.045114890606913
29.850000000000286,-0.9999881400098584,-0.9951302281413629
29.900000000000286,-0.9984950280703494,-0.9451577375697641
29.950000000000287,-0.9945061985668094,-0.8953223240933766
30.000000000000288,-0.9880316214956767,-0.8457485502921103
30.05000000000029,-0.9790874799277561,-0.7965603247829447
30.10000000000029,-0.9676961295589703,-0.7478805925129182
30.15000000000029,-0.9538860428327621,-0.6998310274607882
30.20000000000029,-0.9376917377738142,-0.6525317285154512
30.25000000000029,-0.9191536917109641,-0.6061009192912665
30.300000000000292,-0.8983182401049618,-0.5606546526305903
30.350000000000293,-0.8752374607339493,-0.5163065205321089
30.400000000000293,-0.8499690435261367,-0.47316737022999933
30.450000000000294,-0.8225761463650257,-0.4313450271335724
30.500000000000295,-0.7931272372275934,-0.3909440253199037
30.550000000000296,-0.7616959230500063,-0.3520653462530811
30.600000000000296,-0.7283607657486146,-0.3148061663831349
30.650000000000297,-0.6932050858560747,-0.27925961425552115
30.700000000000298,-0.6563167542634104,-0.2455145377382585
30.7500000000003,-0.6177879725885478,-0.21365528194852926
30.8000000000003,-0.5777150427202875,-0.18376147843381263
30.8500000000003,-0.5361981261137362,-0.15590784613448724
30.9000000000003,-0.49334099343883164,-0.13016400462539324
30.9500000000003,-0.4492507652077106,-0.10659430010315225
31.000000000000302,-0.4040376440292158,-0.08525764455418688
31.050000000000303,-0.3578146391597661,-0.06620736850543538
31.100000000000303,-0.3106972840390693,-0.04949108772580833
31.150000000000304,-0.2628033475166921,-0.03515058421156433
31.200000000000305,-0.2142525394912684,-0.023221701753078923
31.250000000000306,-0.16516621169809673,-0.013734256344035885
31.300000000000306,-0.11566705439300057,-0.006711961656970885
31.350000000000307,-0.06587878969058478,-0.002172369771440058
31.400000000000308,-0.015925862323382202,-0.00012682730296210542
31.45000000000031,0.03406687140516809,-0.0005804470423887642
31.50000000000031,0.08397445569645548,-0.0035320951765904184
31.55000000000031,0.13367214758111862,-0.008974394122398493
31.60000000000031,0.18303572871150395,-0.016893740966721263
31.65000000000031,0.23194181584284318,-0.027270341466742384
31.700000000000312,0.28026816922710845,-0.04007825952521933
31.750000000000313,0.32789399814872117,-0.055285482017219306
31.800000000000313,0.37470026283843433,-0.07285399880625952
31.850000000000314,0.4205699720107609,-0.09273989774985314
31.900000000000315,0.46538847528125976,-0.11489347445699655
31.950000000000315,0.5090437497327879,-0.1392593565232614
32.00000000000031,0.5514266799144527,-0.16577664193296834
32.05000000000031,0.5924313305734106,-0.19437905128250693
32.10000000000031,0.6319552114378372,-0.22499509344433316
32.150000000000304,0.6698995333892225,-0.2575482442575508
32.2000000000003,0.7061694553837216,-0.2919571377984624
32.2500000000003,0.7406743215053719,-0.328135769753004
32.300000000000296,0.7733278875586709,-0.36599371238274037
32.35000000000029,0.8040485366341487,-0.40543634054711697
32.40000000000029,0.8327594831081373,-0.44636506821703176
32.45000000000029,0.8593889645668403,-0.4886775948885654
32.500000000000284,0.8838704211749943,-0.5322681612809639
32.55000000000028,0.9061426620407927,-0.5770278136797621
32.60000000000028,0.9261500181612486,-0.622844676264328
32.650000000000276,0.9438424815657095,-0.6696042307391509
32.70000000000027,0.9591758303097405,-0.7171896025699394
32.75000000000027,0.9721117390069555,-0.7654818531090907
32.80000000000027,0.9826178746225226,-0.8143602768803675
32.850000000000264,0.9906679772889134,-0.8637027032797262
32.90000000000026,0.9962419259418955,-0.9133858019382021
32.95000000000026,0.999325788612714,-0.9632853909836023
33.000000000000256,0.999911857250758,-1.0132767474305138
33.05000000000025,0.9979986669896727,-1.0632349189228123
33.10000000000025,0.9935909998087621,-1.113035036049479
33.15000000000025,0.9866998725805315,-1.1625526244530966
33.200000000000244,0.9773425095342436,-1.211663915950919
33.25000000000024,0.9655422992043152,-1.2602461578908701
33.30000000000024,0.9513287359711619,-1.3081779199692456
33.350000000000236,0.934737346340607,-1.3553393977432333
33.40000000000023,0.9158096001461193,-1.4016127120796262
33.45000000000023,0.8945928068958262,-1.4468822037912663
33.50000000000023,0.8711399975233813,-1.4910347227247776
33.550000000000225,0.8455097918382488,-1.5339599105770219
33.60000000000022,0.8177662520067079,-1.5755504767333839
33.65000000000022,0.7879787224298003,-1.6157024664384314
33.700000000000216,0.7562216564184411,-1.6543155206286653
33.75000000000021,0.7225744300989164,-1.6912931267779119
33.80000000000021,0.6871211440139056,-1.7265428601283765
33.85000000000021,0.6499504129149232,-1.7599766147044034
33.900000000000205,0.6111551442715899,-1.7915108235315298
33.9500000000002,0.5708323060513438,-1.8210666675104021
34.0000000000002,0.5290826843500217,-1.8485702724234756
34.050000000000196,0.4860106314791076,-1.873952893582085
34.10000000000019,0.4417238051392999,-1.8971510876523654
34.15000000000019,0.3963328993323264,-1.918106871230545
34.20000000000019,0.3499513676835886,-1.9367678657712581
34.250000000000185,0.3026951398671833,-1.953087428506631
34.30000000000018,0.25468233184209277,-1.9670247690289089
34.35000000000018,0.20603295062380034,-1.9785450512452327
34.400000000000176,0.1568685943292506,-1.9876194804497294
34.45000000000017,0.10731214824488386,-1.9942253752952799
34.50000000000017,0.05748747767741753,-1.9983462244850754
34.55000000000017,0.007519118355087048,-1.9999717280422593
34.600000000000165,-0.042468034846817666,-1.9990978230545062
34.65000000000016,-0.09234904007809654,-1.9957266938291862
34.70000000000016,-0.14199922080319632,-1.9898667664337342
34.750000000000156,-0.19129447742761926,-1.9815326876348691
34.80000000000015,-0.24011159748227945,-1.9707452882893057
34.85000000000015,-0.28832856359050774,-1.9575315312774602
34.90000000000015,-0.33582485844794807,-1.9419244441102919
34.950000000000145,-0.382481766053054,-1.9239630363777263
35.00000000000014,-0.4281826684352666,-1.903692202244995
35.05000000000014,-0.47281333713920726,-1.881162608240604
35.100000000000136,-0.5162622187363272,-1.8564305666163992
35.150000000000134,-0.5584207136503827,-1.8295578945962618
35.20000000000013,-0.5991834475998186,-1.800611759865245
35.25000000000013,-0.6384485349785937,-1.769664512685339
35.300000000000125,-0.6761178335171352,-1.736793505057497
35.35000000000012,-0.712097189586901,-1.7020808973819164
35.40000000000012,-0.746296673535417,-1.6656134530998263
35.45000000000012,-0.778630804463573,-1.6274823218300705
35.500000000000114,-0.8090187638833541,-1.587782811542529
35.55000000000011,-0.8373845977219702,-1.5466141503378303
35.60000000000011,-0.863657406167482,-1.5040792384287758
35.650000000000105,-0.8877715208814074,-1.460284390943397
35.7000000000001,-0.909666669135368,-1.4153390721925034
35.7500000000001,-0.9292881244615201,-1.3693556220659144
35.8000000000001,-0.9465868434402239,-1.3224489752412385
35.850000000000094,-0.9615195882830511,-1.2747363739070372
35.90000000000009,-0.9740490349047377,-1.2263370747184117
35.95000000000009,-0.9841438662139598,-1.177372050717473
36.000000000000085,-0.9917788503897516,-1.1279636889637383
36.05000000000008,-0.9969349039479176,-1.0782354846302196
36.10000000000008,-0.9995991394398046,-1.0283117323298063
36.15000000000008,-0.9997648976642113,-0.9783172154434653
36.200000000000074,-0.9974317643119235,-0.9283768942267729
36.25000000000007,-0.9926055710012713,-0.8786155934743555
36.30000000000007,-0.9852983807021203,-0.8291576905229091
36.350000000000065,-0.9755284575847286,-0.7801268043726333
36.40000000000006,-0.9633202213688339,-0.7316454867041092
36.45000000000006,-0.9487041862870706,-0.6838349155629228
36.50000000000006,-0.9317168848152807,-0.6368145924776581
36.550000000000054,-0.9124007763603489,-0.590702043768312
36.60000000000005,-0.8908041411337984,-0.5456125267916999
36.65000000000005,-0.8669809594764055,-0.5016587418580892
36.700000000000045,-0.8409907769354606,-0.4589505505391166
36.75000000000004,-0.8128985554319101,-0.41759470107107366
36.80000000000004,-0.7827745108893857,-0.37769456153990993
36.85000000000004,-0.7506939377309627,-0.33934986151485075
36.900000000000034,-0.7167370206823157,-0.30265644277641257
36.95000000000003,-0.6809886343516628,-0.2677060197618651
37.00000000000003,-0.6435381310874473,-0.23458595032690202
37.050000000000026,-0.6044791176440004,-0.20337901739649708
37.10000000000002,-0.5639092212134047,-0.17416322205070406
37.15000000000002,-0.5219298454083573,-0.14701158856257884
37.20000000000002,-0.4786459168059477,-0.12199198187552726
37.250000000000014,-0.4341656226858601,-0.09916693797628984
37.30000000000001,-0.38860014061851694,-0.07859350758754319
37.35000000000001,-0.3420633605790528,-0.060323113570804804
37.400000000000006,-0.29467160028168937,-0.044401422396059806
37.45,-0.2465433144460271,-0.03086822999936867
37.5,-0.197798798721936,-0.01975736231375245
37.55,-0.14855988901307993,-0.011096590721976477
37.599999999999994,-0.09894965695060805,-0.004907562642556549
37.64999999999999,-0.049092102278171665,-0.00120574742248647
37.69999999999999,0.0008881570828572147,-3.9767192688377855e-07
37.749999999999986,0.050866196513289566,-0.0012945261374985976
37.79999999999998,0.1007170969426078,-0.005084898171985086
37.84999999999998,0.1503162570815855,-0.011362039819266019
37.89999999999998,0.19953970486061934,-0.020110261494273682
37.949999999999974,0.24826440729533977,-0.03130769719878472
37.99999999999997,0.29636857800499755,-0.04492635917502814
38.04999999999997,0.3437319816149904,-0.060932207860504066
38.099999999999966,0.3902362342826824,-0.07928523696916259
38.14999999999996,0.43576509959535703,-0.09993957348628407
38.19999999999996,0.48020477910071463,-0.12284359232712576
38.24999999999996,0.5234441967437378,-0.1479400453727479
38.299999999999955,0.5653752764989814,-0.17516620456049692
38.34999999999995,0.6058932125043521,-0.20445401867149385
38.39999999999995,0.6448967310211806,-0.23573028342324137
38.449999999999946,0.6822883435658268,-0.2689168244422059
38.49999999999994,0.7179745905801173,-0.30393069265903905
38.54999999999994,0.7518662750315684,-0.34068437163805204
38.59999999999994,0.7838786853595143,-0.3790859963227274
38.649999999999935,0.8139318072098916,-0.41903958265051766
38.69999999999993,0.8419505234294536,-0.4604452674630144
38.74999999999993,0.8678648018195338,-0.5031995581118365
38.799999999999926,0.8916098701800699,-0.5471955911363533
38.84999999999992,0.913126378206371,-0.5923233993666827
38.89999999999992,0.932360545833971,-0.638470186784346
38.94999999999992,0.949264297660781,-0.6855206104535714
38.999999999999915,0.9637953831105576,-0.7333570688185638
39.04999999999991,0.9759174820373393,-0.7818599956461485
39.09999999999991,0.9856002955068969,-0.8309081588790855
39.149999999999906,0.9928196215282891,-0.8803789636530762
39.1999999999999,0.9975574155462359,-0.9301487587200776
39.2499999999999,0.9998018355431092,-0.9800931455120266
39.2999999999999,0.9995472716378097,-1.0300872890724744
39.349999999999895,0.9967943601075478,-1.0800062300789648
39.39999999999989,0.9915499817974825,-1.1297251971762627
39.44999999999989,0.9838272449221912,-1.179119918839763
39.499999999999886,0.9736454523019601,-1.228066933989582
39.54999999999988,0.9610300531157862,-1.2764439005789605
39.59999999999988,0.9460125792916835,-1.324129901385666
39.64999999999988,0.9286305666932841,-1.3710057462420755
39.699999999999875,0.908927461299728,-1.416954269948522
39.74999999999987,0.8869525106133407,-1.4618606251252748
39.79999999999987,0.8627606405665252,-1.5056125692711775
39.849999999999866,0.8364123182355362,-1.548100745311446
39.899999999999864,0.8079734007042793,-1.589218954933404
39.94999999999986,0.7775149704558996,-1.628864424026957
39.99999999999986,0.7451131577035925,-1.6669380595663439
40.049999999999855,0.7108489501047186,-1.703344697291095
40.09999999999985,0.6748079903338378,-1.7379933395671225
40.14999999999985,0.6370803620206245,-1.7707973828334145
40.19999999999985,0.5977603645877083,-1.801674834065836
40.249999999999844,0.5569462775512275,-1.8305485157169874
40.29999999999984,0.5147401148732217,-1.8573462586198801
40.34999999999984,0.4712473699798545,-1.882001082373269
40.399999999999835,0.42657675208278784,-1.9044513627577724
40.44999999999983,0.3808399144627677,-1.9246409857643276
40.49999999999983,0.33415117539456995,-1.9425194878499898
40.54999999999983,0.2866272324108493,-1.9580421820705083
40.599999999999824,0.23838687061908245,-1.9711702697744145
40.64999999999982,0.1895506658006615,-1.9818709375794448
40.69999999999982,0.14024068303423515,-1.9901174393889076
40.749999999999815,0.09058017159658224,-1.9958891632429954
40.79999999999981,0.040693256903606846,-1.9991716828379498
40.84999999999981,-0.009295369738558282,-1.9999567935843081
40.89999999999981,-0.05926076279687904,-1.998242533114104
40.949999999999804,-0.10907803481018222,-1.994033186185765
40.9999999999998,-0.15862266854276824,-1.987339273974448
41.0499999999998,-0.2077708282126532,-1.9781775277745808
41.099999999999795,-0.2563996690165313,-1.9665708471803396
41.14999999999979,-0.3043876441778067,-1.9525482428485892
41.19999999999979,-0.351614808750235,-1.936144763987349
41.24999999999979,-0.3979631194178222,-1.9174014107510264
41.299999999999784,-0.44331672954163936,-1.8963650317613834
41.34999999999978,-0.487562278716088,-1.87308820701038
41.39999999999978,-0.5305891761108769,-1.847629116437578
41.449999999999775,-0.5722898768905035,-1.8200513945105905
41.49999999999977,-0.6125601510203343,-1.7904239711720544
41.54999999999977,-0.6512993437874095,-1.7588208995506707
41.59999999999977,-0.6884106273848051,-1.725321170866949
41.649999999999764,-0.7238012429307237,-1.6900085169962946
41.69999999999976,-0.7573827323173907,-1.6529712011829263
41.74999999999976,-0.7890711593102558,-1.614301797427732
41.799999999999756,-0.8187873193448663,-1.5740969591014786
41.84999999999975,-0.8464569374970288,-1.5324571773617213
41.89999999999975,-0.8720108541314384,-1.4894865299772435
41.94999999999975,-0.8953851977647495,-1.4452924211878388
41.999999999999744,-0.9165215447110197,-1.3999853132496456
42.04999999999974,-0.9353670651104988,-1.3536784503370343
42.09999999999974,-0.9518746549767649,-1.3064875754911482
42.149999999999736,-0.9660030539321588,-1.2585306413225785
42.19999999999973,-0.97771694833724,-1.209927515191266
42.24999999999973,-0.9869870595564947,-1.160799679600527
42.29999999999973,-0.9937902171396763,-1.1112699285540621
42.349999999999724,-0.9981094167358641,-1.0614620606348966
42.39999999999972,-0.9999338625954846,-1.0115005695733956
42.44999999999972,-0.9992589945540633,-0.9615103330777743
42.499999999999716,-0.996086499430261,-0.9116163007048613
42.54999999999971,-0.9904243068097053,-0.8619431815512796
42.59999999999971,-0.9822865692251564,-0.812615132545652
42.64999999999971,-0.9716936267825456,-0.7637554481209397
42.699999999999704,-0.958671956321303,-0.7154862520425699
42.7499999999997,-0.9432541052360484,-0.6679281921626233
42.7999999999997,-0.9254786101250543,-0.6212001388630362
42.849999999999696,-0.9053899004688202,-0.5754188879415517
42.89999999999969,-0.8830381875795095,-0.530698868683052
42.94999999999969,-0.8584793390988186,-0.4871518578459396
42.99999999999969,-0.8317747393579679,-0.44488670027845334
43.049999999999685,-0.8029911359488421,-0.40400903686323336
43.09999999999968,-0.7722004728897719,-0.3646210404701312
43.14999999999968,-0.7394797108029558,-0.3268211605772458
43.199999999999676,-0.7049106345529851,-0.2907038771984997
43.24999999999967,-0.6685796488272745,-0.2563594647328086
43.29999999999967,-0.6305775621693429,-0.22387376632509795
43.34999999999967,-0.5909993600047465,-0.19332797930314716
43.399999999999665,-0.5499439672269822,-0.16479845222655676
43.44999999999966,-0.5075140009367731,-0.13835649405511102
43.49999999999966,-0.46381551395275844,-0.11406819591351557
43.549999999999656,-0.41895772973467826,-0.09199426589800522
43.59999999999965,-0.37305276938160653,-0.07218987733771964
43.64999999999965,-0.32621537138759504,-0.05470453089011424
43.69999999999965,-0.2785626048551927,-0.03958193081509601
43.749999999999645,-0.2302135768836578,-0.02685987573713457
43.79999999999964,-0.18128913486323942,-0.016570164168386164
43.84999999999964,-0.13191156441963803,-0.008738515028973689
43.899999999999636,-0.08220428376362626,-0.003384503363080575
43.94999999999963,-0.032291535209796954,-0.0005215114115348727
43.99999999999963,0.017701925364519186,-0.0001566951631765725
44.04999999999963,0.06765114034397535,-0.002290966468612329
44.099999999999625,0.11743126270417026,-0.00691899076106387
44.14999999999962,0.16691786806419015,-0.01402920039000682
44.19999999999962,0.21598726568276208,-0.023603823534272747
44.249999999999616,0.26451680762069024,-0.03561892862234674
44.29999999999961,0.31238519529683006,-0.050044484148832946
44.34999999999961,0.3594727826713701,-0.066844433737578
44.39999999999961,0.40566187529862097,-0.08597678626383363
44.449999999999605,0.45083702450183555,-0.10739372081020013
44.4999999999996,0.4948853159347763,-0.13104170619401512
44.5499999999996,0.5376966518087762,-0.15686163476743187
44.599999999999596,0.5791640260798726,-0.1847889701557562
44.649999999999594,0.6191837919081893,-0.21475390856477347
44.69999999999959,0.6576559207210582,-0.24668155325388094
44.74999999999959,0.6944842522323568,-0.28049210173893396
44.799999999999585,0.7295767347931444,-0.316101045256896
44.84999999999958,0.7628456554728449,-0.35341937999373485
44.89999999999958,0.7942078592958928,-0.3923538295476058
44.94999999999958,0.8235849570858662,-0.43280707807127844
44.999999999999574,0.8509035213976034,-0.47467801351107397
45.04999999999957,0.8760952700475755,-0.5178619803343413
45.09999999999957,0.8990972367837843,-0.5622510411137848
45.149999999999565,0.9198519286686003,-0.6077342463148202
45.19999999999956,0.9383074697811651,-0.6541979116116298
45.24999999999956,0.9544177308801766,-0.7015259020387707
45.29999999999956,0.9681424447029688,-0.7495999222681076
45.349999999999554,0.9794473066126981,-0.7982998122855249
45.39999999999955,0.9883040603420689,-0.8475038477283852
45.44999999999955,0.994690568619287,-0.8970890441330416
45.499999999999545,0.9985908684997097,-0.9469314643319491
45.54999999999954,0.9999952112648944,-0.9969065282320376
45.59999999999954,0.9989000867893173,-1.0468893242000645
45.64999999999954,0.995308232313859,-1.0967549212766454
45.699999999999534,0.9892286256041284,-1.1463786814385895
45.74999999999953,0.9806764625107234,-1.1956365711290473
45.79999999999953,0.9696731189875187,-1.2444054712768078
45.849999999999525,0.9562460976629135,-1.2925634850298566
45.89999999999952,0.940428959097583,-1.339990242434024
45.94999999999952,0.9222612379005549,-1.3865672012951822
45.99999999999952,0.9017883439132766,-1.432177943472996
46.049999999999514,0.8790614487086595,-1.476708465865643
46.09999999999951,0.8541373576887972,-1.5200474653581981
46.14999999999951,0.8270783681010432,-1.5620866170224532
46.199999999999505,0.7979521133273367,-1.602720844872825
46.2499999999995,0.7668313938359705,-1.6418485845015953
46.2999999999995,0.7337939952183337,-1.6793720369370373
46.3499999999995,0.698922493765443,-1.7151974130899115
46.399999999999494,0.6623040500702208,-1.7492351681773446
46.44999999999949,0.6240301911714041,-1.781400225538153
46.49999999999949,0.5841965817836152,-1.8116121892801877
46.549999999999486,0.5429027851853953,-1.8397955452281967
46.59999999999948,0.5002520143628599,-1.8658798496699347
46.64999999999948,0.4563508740309864,-1.889799905428758
46.69999999999948,0.41130909417734435,-1.9114959248226118
46.749999999999474,0.3652392557942735,-1.9309136791020987
46.79999999999947,0.31825650948503365,-1.94800463399411
46.84999999999947,0.27047828764726567,-1.9627260710122327
46.899999999999466,0.22202401095315522,-1.975041194230718
46.94999999999946,0.1730147898599452,-1.9849192222551322
46.99999999999946,0.12357312189686578,-1.9923354651598126
47.04999999999946,0.07382258548510676,-1.9972713861998235
47.099999999999454,0.023887531056123006,-1.9997146481431638
47.14999999999945,-0.026107229759683763,-1.9996591441074232
47.19999999999945,-0.07603673609704031,-1.9971050128238066
47.249999999999446,-0.12577619019288672,-1.992058638290379
47.29999999999944,-0.1752012693157907,-1.9845326338153946
47.34999999999944,-0.22418843650803,-1.974545810490595
47.39999999999944,-0.27261524936365006,-1.9621231301732769
47.449999999999434,-0.320360666070712,-1.9472956430946482
47.49999999999943,-0.3673053479527852,-1.9301004102504205
47.54999999999943,-0.41333195775348786,-1.9105804107676212
47.599999999999426,-0.45832545291852,-1.8887844344791587
47.64999999999942,-0.5021733731421362,-1.8647669599746495
47.69999999999942,-0.5447661214593414,-1.8385880184323158
47.74999999999942,-0.5859972381812271,-1.8103130435723036
47.799999999999415,-0.6257636669887495,-1.7800127081064594
47.84999999999941,-0.6639660125198575,-1.7477627470933568
47.89999999999941,-0.7005087888061328,-1.713643768640091
47.949999999999406,-0.7353006579379828,-1.6777410524239917
47.9999999999994,-0.7682546583618477,-1.6401443365378425
48.0499999999994,-0.7992884222387943,-1.6009475931913835
48.0999999999994,-0.8283243813212179,-1.560248793829726
48.149999999999395,-0.8552899608330642,-1.5181496642557635
48.19999999999939,-0.8801177608689731,-1.474755430368641
48.24999999999939,-0.902745724858941,-1.4301745551538088
48.299999999999386,-0.9231172946774272,-1.3845184675820443
48.34999999999938,-0.941181552009213,-1.3379012840950566
48.39999999999938,-0.9568933456186719,-1.290439523373813
48.44999999999938,-0.970213404204344,-1.242251815102518
48.499999999999375,-0.9811084345567379,-1.1934586034561838
48.54999999999937,-0.9895512047740155,-1.1441818460529196
48.59999999999937,-0.9955206123275643,-1.0945447091233997
48.649999999999366,-0.9990017368073291,-1.0446712596594312
48.69999999999936,-0.9999858772150665,-0.994686155311087
48.74999999999936,-0.9984705737123091,-0.9447143328075011
48.79999999999936,-0.9944596137686806,-0.8948806956801115
48.849999999999355,-0.9879630226951944,-0.8453098020688804
48.89999999999935,-0.9789970385861967,-0.7961255533918125
48.94999999999935,-0.9675840717325872,-0.7474508846559368
48.999999999999346,-0.9537526486077632,-0.6994074571838125
49.04999999999934,-0.9375373405662921,-0.6521153545235823
49.09999999999934,-0.9189786774335296,-0.6056927823026406
49.14999999999934,-0.8981230462021632,-0.5602557727751251
49.199999999999335,-0.8750225750888893,-0.5159178948017101
49.24999999999933,-0.849735003241018,-0.4727899699866004
49.29999999999933,-0.822323536418676,-0.4309797956812353
49.349999999999326,-0.7928566890133221,-0.3905918755470501
49.399999999999324,-0.7614081127974508,-0.35172715835074675
49.44999999999932,-0.728056412833518,-0.3144827856449504
49.49999999999932,-0.6928849510022211,-0.2789518489649182
49.549999999999315,-0.655981637641212,-0.24522315714818216
49.59999999999931,-0.617438711815035,-0.21338101435870627
49.64999999999931,-0.577352510765503,-0.1835050093703813
49.69999999999931,-0.5358232291187642,-0.15566981663653923
49.749999999999304,-0.49295466845091745,-0.12994500964270958
49.7999999999993,-0.4488539778381301,-0.10639488700913882
49.8499999999993,-0.40363138603975024,-0.0850783117777259
49.899999999999295,-0.35739992598381426,-0.06604856428507279
49.94999999999929,-0.3102751522435929,-0.04935320898939091
49.99999999999929,-0.26237485221133805,-0.03503397558412674
50.04999999999929,-0.2138187516911442,-0.02312665469546065
